p,kappa,estimator_variant,r_f_mean,r_f_std,mae_b_mean,mae_b_std,fallback_weight_mean
0.05,0.5,estimated_aqf,35.038047188647454,7.558618213972105,0.6921131768897618,0.07234069695068696,0.5720093337862143
0.05,0.5,fixed_q_0.1,54.44419454953753,11.295248352506942,1.2621485956866103,0.100395304125016,
0.05,0.5,fixed_q_0.2,38.959791442698105,7.9725389630113295,0.8164313217693344,0.06600406447028291,
0.05,0.5,fixed_q_0.3,29.498662647417866,6.321937320068524,0.5059438758275914,0.0516397355088345,
0.05,0.5,oracle_aqf,16.67280281576339,3.7978065905932286,0.04871508458168652,0.03933032904018313,
0.05,1.0,estimated_aqf,19.380432332797664,4.223871819024559,0.6555333094284854,0.1053029000554559,0.5711290520665819
0.05,1.0,fixed_q_0.1,30.44119108703149,6.738585801037714,1.2353000509828638,0.09181797940405863,
0.05,1.0,fixed_q_0.2,21.831153447806436,5.018528048179609,0.7880485522680148,0.08678761396707138,
0.05,1.0,fixed_q_0.3,16.418537847898243,4.09533087256272,0.4664568790988238,0.07876647869745391,
0.05,1.0,oracle_aqf,9.71353514928376,2.395220525388789,0.05728783104113688,0.05119875030406015,
0.05,1.5,estimated_aqf,11.462588628433725,2.819209946761684,0.6284585145851967,0.09445482230209729,0.5424196761054885
0.05,1.5,fixed_q_0.1,18.0702118217323,4.076752881815837,1.2289317650033444,0.0750678771670952,
0.05,1.5,fixed_q_0.2,13.08659986605158,3.203579029262093,0.7846771990735594,0.06787646265680955,
0.05,1.5,fixed_q_0.3,9.912454010200355,2.2423470556980387,0.471611106545575,0.06620492252366576,
0.05,1.5,oracle_aqf,5.817955296537115,1.2744008489317233,0.047035768846546235,0.048125842106728406,
0.05,2.0,estimated_aqf,8.574898977174746,2.572669086861608,0.5595404079688342,0.09269802301716232,0.5001045441713599
0.05,2.0,fixed_q_0.1,14.081385204316586,3.620571975719539,1.214682729713373,0.07886372722799395,
0.05,2.0,fixed_q_0.2,10.24620188744378,2.7545412200276735,0.7776556859343191,0.05580265346850532,
0.05,2.0,fixed_q_0.3,7.851514278196492,2.0377349168652255,0.4716831786449195,0.05966521706448222,
0.05,2.0,oracle_aqf,4.7978465788462445,1.088951058256946,0.043078910277242775,0.03337208158176463,
0.05,2.5,estimated_aqf,6.524239750012287,1.772336299161308,0.464676540548539,0.2013177786563456,0.5516929582732157
0.05,2.5,fixed_q_0.1,11.297488595999592,2.399371386151828,1.2154852537376175,0.07086215841654091,
0.05,2.5,fixed_q_0.2,8.298685670078918,1.598708913850593,0.7814559094916057,0.07171378334449477,
0.05,2.5,fixed_q_0.3,6.3327800843558455,1.1734089142078965,0.4566537562847056,0.07929146792695467,
0.05,2.5,oracle_aqf,3.923414608350272,0.7178421169264263,0.04930501100834563,0.05151655398321567,
0.05,3.0,estimated_aqf,4.857772541069606,1.7847993201111005,0.296821861501532,0.22905211441897333,0.728566514761478
0.05,3.0,fixed_q_0.1,9.687858511780135,2.0659430605019,1.2233118932783889,0.10652495540947594,
0.05,3.0,fixed_q_0.2,7.165659664782007,1.5994049129347216,0.7844629079784208,0.08377288031564385,
0.05,3.0,fixed_q_0.3,5.570606318967991,1.264415082459567,0.4705658348456695,0.09040522709220926,
0.05,3.0,oracle_aqf,3.525645644930821,0.7511161856872495,0.06729958309062374,0.054464634745907604,
0.05,3.5,estimated_aqf,4.0745328152699205,2.183072093261188,0.16698335843147225,0.2191966208794438,0.8946672301626372
0.05,3.5,fixed_q_0.1,8.968297026157716,2.8759832518201898,1.2654813516922077,0.10239617474036945,
0.05,3.5,fixed_q_0.2,6.622592089785913,2.0835908768544797,0.8107762940388653,0.07139571553221297,
0.05,3.5,fixed_q_0.3,5.147321304217463,1.5347477434902792,0.48822490192768003,0.05635204934573264,
0.05,3.5,oracle_aqf,3.360031724544791,0.9720957152722172,0.049173418287844585,0.04273912767038531,
0.05,4.0,estimated_aqf,3.5039679165865203,1.227950596211379,0.11132122732710181,0.17466065523690022,0.9326962239470129
0.05,4.0,fixed_q_0.1,8.324981637184461,1.728921041015185,1.2634183289713943,0.0947991655713483,
0.05,4.0,fixed_q_0.2,6.2598686312647365,1.2802072091870333,0.8248018805621875,0.08354977411544716,
0.05,4.0,fixed_q_0.3,4.873602821664631,1.0260951018555358,0.48965941053604445,0.08109391113227249,
0.05,4.0,oracle_aqf,3.2048569221013103,0.5799426597521515,0.05856005251127616,0.04278725311789075,
0.05,4.5,estimated_aqf,2.7850352914954013,0.40648261669558605,0.049413054999944084,0.033597945229910664,1.0
0.05,4.5,fixed_q_0.1,7.1241690664139,1.4883477562499585,1.2408335965167543,0.07984101503198966,
0.05,4.5,fixed_q_0.2,5.332397071146307,1.0319088389879634,0.8025353117497721,0.0706298569761564,
0.05,4.5,fixed_q_0.3,4.177244750638101,0.7439756730511979,0.4827883058716941,0.06940126889378641,
0.05,4.5,oracle_aqf,2.806293742682194,0.4597070585296379,0.0580748947476339,0.04251877309162117,
0.05,5.0,estimated_aqf,2.604519380818339,0.5521030305412513,0.05027099922638767,0.03436994948098068,1.0
0.05,5.0,fixed_q_0.1,6.531996920726667,1.86115296602668,1.2642723121558068,0.09363173515931847,
0.05,5.0,fixed_q_0.2,4.874527449142588,1.2829223947729138,0.806744601576806,0.06431865480200967,
0.05,5.0,fixed_q_0.3,3.873316435502448,0.9234569776874749,0.49368507429070546,0.058234509168354216,
0.05,5.0,oracle_aqf,2.6128509746005735,0.5982160928890297,0.053123062194566285,0.03842807265928844,
0.15,0.5,estimated_aqf,11.226717624690306,1.0137034213311127,0.6363201487135723,0.06983645110450443,0.5859978157525052
0.15,0.5,fixed_q_0.1,17.821301561979155,1.7862743764372282,1.2284726357051494,0.09726975493531369,
0.15,0.5,fixed_q_0.2,12.634580382718033,1.2642679647174966,0.7721385670318985,0.07331399786545298,
0.15,0.5,fixed_q_0.3,9.613862324645721,0.9383982839562411,0.4691124075759297,0.06641704365580513,
0.15,0.5,oracle_aqf,5.821740531363106,0.6590130854045014,0.04416832894393652,0.03912688407324528,
0.15,1.0,estimated_aqf,5.748114029090834,0.8481650326868407,0.532768771610941,0.10048632497057589,0.5632553563919198
0.15,1.0,fixed_q_0.1,9.520609609351183,1.4324360950947161,1.1951961168001535,0.09757682083764596,
0.15,1.0,fixed_q_0.2,6.807898767170235,0.8397042421058146,0.7352418063020665,0.07116548377856834,
0.15,1.0,fixed_q_0.3,5.108046449662018,0.6799910401855724,0.4037465931811301,0.07551302571661439,
0.15,1.0,oracle_aqf,3.433770132825425,0.4148291491142378,0.045510754475076444,0.043967745506837644,
0.15,1.5,estimated_aqf,4.090585323053516,0.47240065238208895,0.49668870146292043,0.07928823591211678,0.5856505926729406
0.15,1.5,fixed_q_0.1,6.628839693616579,0.6434799602780622,1.1754497668416257,0.06625896367362953,
0.15,1.5,fixed_q_0.2,4.876256573372811,0.5060936016257114,0.7229635777819728,0.07899688373783208,
0.15,1.5,fixed_q_0.3,3.7607928760171854,0.35867738357910794,0.397107341851559,0.0598931362072062,
0.15,1.5,oracle_aqf,2.6229408744783997,0.23637092855809247,0.042752247255496464,0.02920764516715686,
0.15,2.0,estimated_aqf,3.078237926856534,0.42731402917246963,0.3779467942381579,0.12587832799982382,0.6788487986597115
0.15,2.0,fixed_q_0.1,5.393058126827176,0.6197878717096938,1.1920250104627503,0.07419612587296258,
0.15,2.0,fixed_q_0.2,4.009026514442806,0.48939409212419066,0.7318943318523987,0.0628549217365056,
0.15,2.0,fixed_q_0.3,3.13484860271812,0.366265966749449,0.4035558172900989,0.05613001482192699,
0.15,2.0,oracle_aqf,2.286484969360198,0.28722383258373924,0.06502824231003732,0.040312065520424226,
0.15,2.5,estimated_aqf,2.263966157522961,0.3660124658423896,0.18239320468353154,0.12718086790100783,0.8384265675569885
0.15,2.5,fixed_q_0.1,4.399507171392108,0.54356036261,1.1640977619232136,0.08208174153191625,
0.15,2.5,fixed_q_0.2,3.314967529413123,0.38028338536195044,0.7071767404428264,0.08292927764486338,
0.15,2.5,fixed_q_0.3,2.619270902733608,0.30408708450603344,0.3725807275472774,0.07544345116934723,
0.15,2.5,oracle_aqf,1.9701892475172211,0.22870488524510993,0.0582107248419141,0.033887201786270534,
0.15,3.0,estimated_aqf,1.8823388785865312,0.20031672975108109,0.09587811399279014,0.07506063063621986,0.9564439503867878
0.15,3.0,fixed_q_0.1,3.8887851083098637,0.45325235309667017,1.2077661349874809,0.1030224477591247,
0.15,3.0,fixed_q_0.2,2.969028206873037,0.3322995421133917,0.7384374890767927,0.08454423403696094,
0.15,3.0,fixed_q_0.3,2.3800051907066693,0.2606300306192317,0.39869459386800543,0.08843916372600275,
0.15,3.0,oracle_aqf,1.8185163066833738,0.17858026855160192,0.06939135786217854,0.05387261087889822,
0.15,3.5,estimated_aqf,1.6097569545237094,0.13347910410282524,0.05355971972797269,0.03601934934680963,1.0
0.15,3.5,fixed_q_0.1,3.220156534227544,0.279182757077556,1.174846907229539,0.0640681186757409,
0.15,3.5,fixed_q_0.2,2.5231443879544595,0.22984841840055054,0.7209289688071212,0.07347679305789946,
0.15,3.5,fixed_q_0.3,2.03622299519214,0.1802415095921127,0.36340505076365204,0.08118441312844069,
0.15,3.5,oracle_aqf,1.600916444790111,0.14551296553633553,0.05696759709462444,0.036422430214751146,
0.15,4.0,estimated_aqf,1.5874269096822924,0.10432810947148989,0.0820676082704872,0.06085293324956218,1.0
0.15,4.0,fixed_q_0.1,3.144065080115495,0.30578243760723717,1.1792337350402202,0.11868669021283722,
0.15,4.0,fixed_q_0.2,2.467939057927388,0.2172882013259896,0.7150822525215741,0.09591871099855213,
0.15,4.0,fixed_q_0.3,2.010433769117783,0.17745846619104688,0.3568871720814551,0.11155404937803513,
0.15,4.0,oracle_aqf,1.5863360495075307,0.12083513348987471,0.08215738678514421,0.06470683185278885,
0.15,4.5,estimated_aqf,1.5136892198556404,0.10548786965322382,0.07006517810168855,0.04905514696235386,1.0
0.15,4.5,fixed_q_0.1,2.8407108669350785,0.30916097981483537,1.138038210996862,0.09136002841562993,
0.15,4.5,fixed_q_0.2,2.280943793518387,0.25545841622358695,0.7033781515075865,0.08937711795720082,
0.15,4.5,fixed_q_0.3,1.8947277911057494,0.18329276938358952,0.3670775687373477,0.088553174901219,
0.15,4.5,oracle_aqf,1.5214462878066413,0.1319743672020584,0.07574919146849642,0.048139055575225354,
0.15,5.0,estimated_aqf,1.4673835613021053,0.11500061144860836,0.06596518447006536,0.042499859766334726,1.0
0.15,5.0,fixed_q_0.1,2.6748289722997227,0.34340141789337053,1.154941369900082,0.1069115455389737,
0.15,5.0,fixed_q_0.2,2.1487342659184834,0.2744038868496161,0.7016956437955545,0.08016186412137317,
0.15,5.0,fixed_q_0.3,1.8070500060757688,0.19562617750364072,0.37137730382431994,0.08273314843412506,
0.15,5.0,oracle_aqf,1.4707474653777184,0.1374771650181874,0.06739862365102356,0.05398307938727709,
0.25,0.5,estimated_aqf,6.867620958172944,0.70945634473549,0.5864634315665045,0.07914377049644579,0.5753204106159348
0.25,0.5,fixed_q_0.1,10.728415458191707,0.9615078135337518,1.1645840556992968,0.08079057780592512,
0.25,0.5,fixed_q_0.2,7.744817479079835,0.6886939607463133,0.7276881824923194,0.06397813773106939,
0.25,0.5,fixed_q_0.3,5.823633728109539,0.6270646927003336,0.40764378300960447,0.0751933568802116,
0.25,0.5,oracle_aqf,3.781471652846727,0.40676603100088354,0.05163879876628315,0.035745216511450795,
0.25,1.0,estimated_aqf,3.5988070405021304,0.34418345032098097,0.5016185794857175,0.11026804734775285,0.5460195318275047
0.25,1.0,fixed_q_0.1,5.670868814376233,0.4425747145724281,1.1223035511764923,0.11656546990003153,
0.25,1.0,fixed_q_0.2,4.083021510596365,0.356793352128953,0.657828607042429,0.09025153727221713,
0.25,1.0,fixed_q_0.3,3.0354807666559065,0.2426603788339575,0.310344823202832,0.07521668454699537,
0.25,1.0,oracle_aqf,2.1898169806129846,0.1987428298502612,0.05372105608513191,0.05433242986618708,
0.25,1.5,estimated_aqf,2.5789947850633403,0.3004950647476427,0.38831665856100095,0.0980822025163384,0.6278260149418491
0.25,1.5,fixed_q_0.1,4.233568729717402,0.5297523557377625,1.119489580117408,0.08972855489493888,
0.25,1.5,fixed_q_0.2,3.117996733077935,0.43282266208832304,0.6419500019207025,0.10109841702187264,
0.25,1.5,fixed_q_0.3,2.37378682203954,0.30589538840475533,0.28270555359620336,0.10006392484386739,
0.25,1.5,oracle_aqf,1.86564002826865,0.26001576619580646,0.08000186068028814,0.049026036431251994,
0.25,2.0,estimated_aqf,1.8955452764824383,0.1528993903252838,0.21964733213594254,0.07991045923678483,0.7431673546739457
0.25,2.0,fixed_q_0.1,3.3373797264798784,0.36954828836585824,1.1008588795211167,0.09096074899898049,
0.25,2.0,fixed_q_0.2,2.505442942250933,0.23880328933232772,0.620297217616696,0.06386767221617808,
0.25,2.0,fixed_q_0.3,1.939727085410666,0.19386604863557141,0.2478986134282361,0.06533206951190455,
0.25,2.0,oracle_aqf,1.6059163792279048,0.16101298721552948,0.055640666273191995,0.03140098536722525,
0.25,2.5,estimated_aqf,1.633151418571082,0.15445661650108183,0.13727876777082626,0.10070630152088525,0.8834093735848155
0.25,2.5,fixed_q_0.1,2.9013220318371786,0.26997604724586455,1.1247473556819452,0.10170153197011271,
0.25,2.5,fixed_q_0.2,2.2199098625159635,0.17849912633258752,0.6312268720566354,0.08501525022417794,
0.25,2.5,fixed_q_0.3,1.787505876804723,0.15288751571339368,0.2719214032009066,0.0827636018874796,
0.25,2.5,oracle_aqf,1.5110840653625235,0.13444837149649513,0.07067218614823415,0.05346840508151634,
0.25,3.0,estimated_aqf,1.4129571455933494,0.07655583846982243,0.0659711291462676,0.05552551182282664,1.0
0.25,3.0,fixed_q_0.1,2.5025659192798155,0.16120084150821384,1.08078460876446,0.08982380683165968,
0.25,3.0,fixed_q_0.2,1.973096784126368,0.13382839561228974,0.6110612082659534,0.08618137652304197,
0.25,3.0,fixed_q_0.3,1.596663667453231,0.08938195257024636,0.2339145248264245,0.06915431082347036,
0.25,3.0,oracle_aqf,1.391224853191468,0.07989071419497452,0.057973291993294665,0.050039753478204614,
0.25,3.5,estimated_aqf,1.351080420648607,0.04515408307870774,0.06304901412156774,0.041792677046429354,1.0
0.25,3.5,fixed_q_0.1,2.380339861786129,0.161600155385827,1.1200519511113707,0.10711873497104604,
0.25,3.5,fixed_q_0.2,1.892261249676557,0.09689806386336348,0.6340642131945795,0.07269473360288821,
0.25,3.5,fixed_q_0.3,1.5529950663841903,0.07104820689369497,0.2506187581374144,0.06213844692865936,
0.25,3.5,oracle_aqf,1.3523671700475117,0.055011452106963905,0.05605127474804128,0.054090835376021516,
0.25,4.0,estimated_aqf,1.3021525848202973,0.058909994456210854,0.07029471175285922,0.04630158795138731,1.0
0.25,4.0,fixed_q_0.1,2.2038912048642914,0.2025546957313192,1.120873249211726,0.08252129173455178,
0.25,4.0,fixed_q_0.2,1.7328702282756674,0.13081047600842877,0.577811824417691,0.08632992772742584,
0.25,4.0,fixed_q_0.3,1.45989881093977,0.09274717617740294,0.21734030586818803,0.07063705862830502,
0.25,4.0,oracle_aqf,1.2978495497548606,0.07737584432432638,0.06298339763014313,0.049260964384688924,
0.25,4.5,estimated_aqf,1.2657273827418531,0.038490738118175195,0.06347591234182763,0.04726613177379276,1.0
0.25,4.5,fixed_q_0.1,2.038309744753238,0.07883700528269101,1.1486981838334824,0.08974553031650553,
0.25,4.5,fixed_q_0.2,1.6849762809142734,0.05035564612678601,0.6814193317728082,0.04882736568786491,
0.25,4.5,fixed_q_0.3,1.4234900255133178,0.047369891493208104,0.28750762223339754,0.0687122022890162,
0.25,4.5,oracle_aqf,1.2668213000934088,0.044153912283606114,0.06113320003032383,0.052733954011194115,
0.25,5.0,estimated_aqf,1.2407481415307404,0.05083815403282399,0.05845875560639184,0.040022268679273845,1.0
0.25,5.0,fixed_q_0.1,1.9102758577209489,0.13235780472227424,1.0906450215452244,0.08966507374224578,
0.25,5.0,fixed_q_0.2,1.5854869736943358,0.07776904673669992,0.6104054334663128,0.08108279619528769,
0.25,5.0,fixed_q_0.3,1.373009923629691,0.07611002411147523,0.24840782285179808,0.07896784633801761,
0.25,5.0,oracle_aqf,1.234027908367007,0.06921639021211518,0.06671923427927232,0.06229234872446933,
0.35,0.5,estimated_aqf,4.848494045190971,0.5888811773938839,0.5246809400930833,0.07680972289863074,0.5781517778055126
0.35,0.5,fixed_q_0.1,7.703252504933839,0.9616369631849265,1.1230571981006927,0.10236225854241218,
0.35,0.5,fixed_q_0.2,5.60050708050071,0.6240129931837806,0.6955482568617063,0.08168021860846872,
0.35,0.5,fixed_q_0.3,4.210733650091404,0.452660567836651,0.3726242590789516,0.06438921569767513,
0.35,0.5,oracle_aqf,2.940531297387194,0.32925515836121466,0.052856953967635435,0.045101957306876966,
0.35,1.0,estimated_aqf,2.6990675711486527,0.2692763120982511,0.4033436783082955,0.10491938281503699,0.6024844706955974
0.35,1.0,fixed_q_0.1,4.275127654469741,0.35131715675638986,1.0513582089849218,0.1067273910941711,
0.35,1.0,fixed_q_0.2,3.08119799826009,0.2917549439495147,0.5717661167478675,0.1044409714290089,
0.35,1.0,fixed_q_0.3,2.371619877768436,0.22124534185976297,0.24884971493472668,0.08735376412009031,
0.35,1.0,oracle_aqf,1.8964152178058111,0.20800363910830275,0.06877853258010891,0.0440599045166164,
0.35,1.5,estimated_aqf,1.9187494879936189,0.15200151104099088,0.3068296501126957,0.12043730166046687,0.6907380622552701
0.35,1.5,fixed_q_0.1,3.0376744209417397,0.2155823105407507,1.0206221521458272,0.10297338826760176,
0.35,1.5,fixed_q_0.2,2.283072762545843,0.15807745257911293,0.5556936518736949,0.06448827449751801,
0.35,1.5,fixed_q_0.3,1.7400840835369844,0.10118437416422005,0.17550160589303285,0.06549618993430872,
0.35,1.5,oracle_aqf,1.5153565377671192,0.11120911224839884,0.053594951260431234,0.04320930344662538,
0.35,2.0,estimated_aqf,1.6092360486517603,0.14239202756428349,0.20968677953330978,0.07613171624605515,0.7381058960412313
0.35,2.0,fixed_q_0.1,2.5772527427970813,0.17778955369990854,1.0254891279577545,0.08789967205017582,
0.35,2.0,fixed_q_0.2,1.9357604433006492,0.12056515527435509,0.5062574241924258,0.05832627304714758,
0.35,2.0,fixed_q_0.3,1.504313895260996,0.0978154896430535,0.11186832829059057,0.05698504819083961,
0.35,2.0,oracle_aqf,1.3873577975658118,0.08180766088152196,0.049678568905635066,0.0384096483748608,
0.35,2.5,estimated_aqf,1.353282751827201,0.07188878145307613,0.08328668467916929,0.06032304567224021,0.9137057582792807
0.35,2.5,fixed_q_0.1,2.2089290022915025,0.12841660411837055,0.9923290058259873,0.07728577819977395,
0.35,2.5,fixed_q_0.2,1.715180017872397,0.09314182147724738,0.48952770502554416,0.08873356704883946,
0.35,2.5,fixed_q_0.3,1.388129450653325,0.09329957395525666,0.1144119233380759,0.08366826947930091,
0.35,2.5,oracle_aqf,1.2999943154696825,0.08900077015027043,0.07083493150210929,0.0500700260439225,
0.35,3.0,estimated_aqf,1.2376049131098157,0.05717626440578971,0.06976644740823748,0.0518459803749372,0.994615812348836
0.35,3.0,fixed_q_0.1,1.9581362304689158,0.14176762067264395,0.979276420138792,0.14104567114387828,
0.35,3.0,fixed_q_0.2,1.5559620032712684,0.1051042958085556,0.4664728526799614,0.11452200439397679,
0.35,3.0,fixed_q_0.3,1.276873549598385,0.0785125233238039,0.09333981876792441,0.06185992981222284,
0.35,3.0,oracle_aqf,1.216767606331474,0.07245220693776379,0.07792714467053523,0.059311736017179366,
0.35,3.5,estimated_aqf,1.1995279053148244,0.0484743186044979,0.06131302895888853,0.0364425735959325,1.0
0.35,3.5,fixed_q_0.1,1.8838360535736498,0.09837242032103626,1.032516078733162,0.08185802975054526,
0.35,3.5,fixed_q_0.2,1.519550629379037,0.0775745699062453,0.5104307135867214,0.05798947345029471,
0.35,3.5,fixed_q_0.3,1.2630180700255127,0.06878707921429342,0.09782893548948621,0.06697540587004171,
0.35,3.5,oracle_aqf,1.208834513540276,0.06648291566623175,0.06246648453238093,0.03852222636027556,
0.35,4.0,estimated_aqf,1.1880480660495614,0.03412189845366185,0.07378825176242695,0.055335461271847804,1.0
0.35,4.0,fixed_q_0.1,1.7568755420631033,0.09955548957894471,1.0069308305801,0.09839116978789679,
0.35,4.0,fixed_q_0.2,1.4483218423147144,0.05502945445351558,0.49928806202146064,0.08169812012995707,
0.35,4.0,fixed_q_0.3,1.227287395213185,0.047888563859687996,0.09695042815757482,0.07382565299086875,
0.35,4.0,oracle_aqf,1.1834790527214047,0.045782799274188955,0.08068381112600402,0.05549278370142257,
0.35,4.5,estimated_aqf,1.1541995937080691,0.04564134703969212,0.07004973293241293,0.041220331091004335,1.0
0.35,4.5,fixed_q_0.1,1.6670646303664836,0.08079288803326179,1.0245987259979394,0.0934348369824673,
0.35,4.5,fixed_q_0.2,1.390493817761657,0.04887607775937282,0.5041791861569569,0.07927391535107897,
0.35,4.5,fixed_q_0.3,1.1894893993917561,0.05428835104911599,0.10394163131178127,0.06622603567697408,
0.35,4.5,oracle_aqf,1.1517765701129947,0.05575499986533513,0.08814420227075193,0.0615594723847519,
0.35,5.0,estimated_aqf,1.1542426834628459,0.028789843517383264,0.06246792861290977,0.04498285922884761,1.0
0.35,5.0,fixed_q_0.1,1.6358922993843108,0.06534809224328152,1.0428363527117863,0.08751141077018232,
0.35,5.0,fixed_q_0.2,1.362162269777564,0.052915346336806175,0.4803101121456437,0.07145042429394892,
0.35,5.0,fixed_q_0.3,1.1939328291984297,0.04431444918115173,0.09313220944418701,0.05817360805334725,
0.35,5.0,oracle_aqf,1.1542699697420962,0.0410402620906307,0.05481801437284171,0.04216346802517215,
0.45,0.5,estimated_aqf,3.8615039084808958,0.39476363979123813,0.47962931624351424,0.1278628206823274,0.5803013519686934
0.45,0.5,fixed_q_0.1,6.081180180508468,0.40299439512831314,1.079942693218466,0.11703299097773653,
0.45,0.5,fixed_q_0.2,4.379932292014601,0.3603697916190007,0.6304190852709013,0.11862774977644011,
0.45,0.5,fixed_q_0.3,3.2677602017802534,0.2860751356226452,0.2975949160232063,0.10283539622053205,
0.45,0.5,oracle_aqf,2.350304950098744,0.17845500375336426,0.07056006813226023,0.03843506261315382,
0.45,1.0,estimated_aqf,2.09635431337711,0.23558561119952365,0.32372347634537685,0.10429176455040937,0.5960007803719674
0.45,1.0,fixed_q_0.1,3.3142312595404797,0.3129653827325645,0.9737254218797486,0.08858703285907056,
0.45,1.0,fixed_q_0.2,2.3630489782313346,0.20493924278450165,0.47838647033551374,0.08257638009149429,
0.45,1.0,fixed_q_0.3,1.810284073753245,0.14059996993696397,0.1580563793926575,0.07078595443963058,
0.45,1.0,oracle_aqf,1.5589142729836956,0.11612030795574713,0.06704249318003183,0.05352117177084602,
0.45,1.5,estimated_aqf,1.5677383894529249,0.10410801527289591,0.199030557393555,0.08427077794738243,0.656104018780647
0.45,1.5,fixed_q_0.1,2.42103270377394,0.12650744246210915,0.9076251760218881,0.08781874022158165,
0.45,1.5,fixed_q_0.2,1.7839627019983009,0.10775902617470436,0.3861521830509595,0.10522222949516993,
0.45,1.5,fixed_q_0.3,1.3337505763442812,0.0787104990937464,0.0829827674987154,0.05247261456401179,
0.45,1.5,oracle_aqf,1.316051918997294,0.08065072003135787,0.09279738350345976,0.049504209691332325,
0.45,2.0,estimated_aqf,1.3454682682913581,0.08907749608663351,0.11850317277183971,0.11066380252407487,0.7791828260570681
0.45,2.0,fixed_q_0.1,2.0869276843272724,0.10643355428811614,0.9047273313632758,0.11482375032997294,
0.45,2.0,fixed_q_0.2,1.5636823424773358,0.09206836346108839,0.3592876403211559,0.0933791991090941,
0.45,2.0,fixed_q_0.3,1.209025752304697,0.07863375284687411,0.08057508330116595,0.06535199964599009,
0.45,2.0,oracle_aqf,1.2532761276591597,0.07857513815135897,0.0656608621248747,0.05546919389497589,
0.45,2.5,estimated_aqf,1.2468237019035566,0.09657085424216955,0.12681705276093638,0.10490425014492988,0.9087606463269727
0.45,2.5,fixed_q_0.1,1.8392990570011425,0.12689656235713223,0.9017637640689072,0.13969470546982543,
0.45,2.5,fixed_q_0.2,1.4373103140923633,0.10252012222115921,0.37163988745957727,0.12775131643698417,
0.45,2.5,fixed_q_0.3,1.1440031246570264,0.08999055381581733,0.11393821454597167,0.08026429286497698,
0.45,2.5,oracle_aqf,1.2008440989305205,0.09303160060597737,0.11112046962193985,0.06256449388493107,
0.45,3.0,estimated_aqf,1.1701893063112858,0.056616143454206395,0.0724298103346519,0.04765373266740367,0.9996616247296235
0.45,3.0,fixed_q_0.1,1.7266427009033065,0.08232849990193492,0.894953390567412,0.09340981733721668,
0.45,3.0,fixed_q_0.2,1.3725426024732243,0.07269894320500285,0.3385786141205516,0.08963242867345299,
0.45,3.0,fixed_q_0.3,1.1166113138286038,0.0682719550688897,0.12292008256110627,0.088456367204706,
0.45,3.0,oracle_aqf,1.1675960867594894,0.057167563168260445,0.06725772069752445,0.039766949993672834,
0.45,3.5,estimated_aqf,1.1512377148734112,0.04819342951252853,0.07947507973200345,0.06415045467788938,1.0
0.45,3.5,fixed_q_0.1,1.6297420550540043,0.0989853601869937,0.942315947580979,0.12948386590391067,
0.45,3.5,fixed_q_0.2,1.3187795034671788,0.06863274906007481,0.36770223924129236,0.11979034177339794,
0.45,3.5,fixed_q_0.3,1.0936587048746733,0.0564856463077768,0.12371144046980379,0.07932685464854049,
0.45,3.5,oracle_aqf,1.1474350764620733,0.0576961180689401,0.08579847704059969,0.06249337747450101,
0.45,4.0,estimated_aqf,1.1163764874047417,0.042245973664380244,0.07943722690255184,0.05009412663739408,1.0
0.45,4.0,fixed_q_0.1,1.5342947603603139,0.0691623423360627,0.8930067481853292,0.10389304052042096,
0.45,4.0,fixed_q_0.2,1.2733020583828236,0.06836662813736255,0.34649364313973374,0.10488245120884487,
0.45,4.0,fixed_q_0.3,1.0796749257667595,0.05910085266589768,0.14097736360863805,0.08557872779093449,
0.45,4.0,oracle_aqf,1.1227954996628975,0.05869976287252276,0.09609416570039109,0.06931604979588166,
0.45,4.5,estimated_aqf,1.111624820474172,0.03978153107829218,0.07148059973952003,0.05552593592940218,1.0
0.45,4.5,fixed_q_0.1,1.4771554364063157,0.05864204648663868,0.9158173314806313,0.09304097181760983,
0.45,4.5,fixed_q_0.2,1.2408080779640136,0.043665971078805814,0.35791512284697424,0.09155577574262655,
0.45,4.5,fixed_q_0.3,1.069170465595886,0.05388895093015861,0.13578435799287086,0.08959243017103229,
0.45,4.5,oracle_aqf,1.1108875440716115,0.05116803899785609,0.08515940976776645,0.07679509487308013,
0.45,5.0,estimated_aqf,1.0904035333433615,0.03257660562531245,0.056541524838385815,0.03786566740072602,1.0
0.45,5.0,fixed_q_0.1,1.418375256947467,0.0738963872297201,0.8643739633720265,0.1249794925905138,
0.45,5.0,fixed_q_0.2,1.2047435390616819,0.05845159709232335,0.29880243049671007,0.09711197129631077,
0.45,5.0,fixed_q_0.3,1.0521864614730039,0.05200071923609553,0.16477031507586065,0.10577547867232767,
0.45,5.0,oracle_aqf,1.0880172134123434,0.04818404155072701,0.08733766480111234,0.04948850495451649,
0.55,0.5,estimated_aqf,3.2258437420149044,0.2690947774598501,0.471334179321369,0.10716487500554342,0.5733023314529445
0.55,0.5,fixed_q_0.1,5.006088194933573,0.34220696407452533,1.0537739520668459,0.11463497763043777,
0.55,0.5,fixed_q_0.2,3.600986008427202,0.25255343151329934,0.6027573709558254,0.08615939203335447,
0.55,0.5,fixed_q_0.3,2.669608031685872,0.16687956605206675,0.2629596354909462,0.08126869405055039,
0.55,0.5,oracle_aqf,2.0383838308398423,0.1496281314824424,0.0651472017990895,0.05076137881848305,
0.55,1.0,estimated_aqf,1.7610906610858756,0.15087660101738504,0.2517921518167823,0.09197724045714402,0.6062776584663659
0.55,1.0,fixed_q_0.1,2.7774780728180475,0.2270184315744962,0.908111040872782,0.09962537982583224,
0.55,1.0,fixed_q_0.2,1.9758510133088873,0.1406975461844755,0.4014545239548541,0.08842991768383425,
0.55,1.0,fixed_q_0.3,1.4910075023440932,0.10300502277495412,0.07782475901400128,0.04958061284703817,
0.55,1.0,oracle_aqf,1.4409896778999096,0.1003362971936727,0.066146146820605,0.036532733941120624,
0.55,1.5,estimated_aqf,1.3015700932745886,0.10194673054061429,0.09160356295383973,0.058855572734424044,0.6412266788836305
0.55,1.5,fixed_q_0.1,2.069911398741356,0.14215553137324793,0.8102336773193588,0.09502052897353977,
0.55,1.5,fixed_q_0.2,1.4690040761399057,0.10696768942366712,0.22877447807762588,0.0693454927423766,
0.55,1.5,fixed_q_0.3,1.0985000034615597,0.08731370641814422,0.17695276047060382,0.06497893240287003,
0.55,1.5,oracle_aqf,1.214681846339513,0.10226276874860715,0.06660770249721618,0.0595545864496631,
0.55,2.0,estimated_aqf,1.2045505743067384,0.08914697643833218,0.08821185094170217,0.08573425775308209,0.8054019965943926
0.55,2.0,fixed_q_0.1,1.7466004928217902,0.09967757248414576,0.7465565671304317,0.10932357588228761,
0.55,2.0,fixed_q_0.2,1.3045838252514383,0.06946817974080613,0.1779721255631676,0.08380062936121117,
0.55,2.0,fixed_q_0.3,0.9949040171467061,0.07504207460406465,0.2770268478137381,0.08842303035244521,
0.55,2.0,oracle_aqf,1.1866165835299176,0.0721790450342743,0.07114283501864227,0.040590654556382194,
0.55,2.5,estimated_aqf,1.126603007614731,0.07884639154837232,0.07900961521879105,0.06242254309288211,0.9091235732765488
0.55,2.5,fixed_q_0.1,1.5885049918018808,0.07490343937571871,0.7395602486404133,0.0962557024765271,
0.55,2.5,fixed_q_0.2,1.1992644973976865,0.07380150535032827,0.11501247968316779,0.09134861656028184,
0.55,2.5,fixed_q_0.3,0.9270972181001719,0.05509987398897114,0.3885794124600236,0.09340488893259252,
0.55,2.5,oracle_aqf,1.1149878780455142,0.07314081028279196,0.08840877654839892,0.054083051661122906,
0.55,3.0,estimated_aqf,1.1076943767177672,0.06993152658873904,0.1318196516419463,0.08593060792890483,0.99969972415849
0.55,3.0,fixed_q_0.1,1.5047411616072608,0.07586612150542556,0.7925306356116583,0.13806178503446595,
0.55,3.0,fixed_q_0.2,1.1873332805158476,0.05409668877298989,0.18306676356984336,0.10978380274827776,
0.55,3.0,fixed_q_0.3,0.9392543058080243,0.057332817065419206,0.37314145820752553,0.14181977832497797,
0.55,3.0,oracle_aqf,1.122518611308689,0.05605853023144649,0.10962807158734486,0.06288019952491913,
0.55,3.5,estimated_aqf,1.1041755900649588,0.04526798721708866,0.08998515727609054,0.07341194617564085,1.0
0.55,3.5,fixed_q_0.1,1.4210309039945632,0.0579938587183256,0.7548401206555231,0.11428076374059443,
0.55,3.5,fixed_q_0.2,1.1613112769165483,0.05414427975203254,0.17556554824844567,0.0769055306596735,
0.55,3.5,fixed_q_0.3,0.9295592301807926,0.043866182173938256,0.4301360235864304,0.09812923727362732,
0.55,3.5,oracle_aqf,1.099123138158964,0.05622578566564971,0.08932394278505199,0.06384645456111822,
0.55,4.0,estimated_aqf,1.0805485289626453,0.03581282931366481,0.0832776730757506,0.061112815336704394,1.0
0.55,4.0,fixed_q_0.1,1.3689791086198286,0.04643349957167895,0.7546359863222192,0.11841090459818074,
0.55,4.0,fixed_q_0.2,1.1249908317804667,0.05163228044298187,0.15462834826937694,0.11065733325773879,
0.55,4.0,fixed_q_0.3,0.9256039945636718,0.05339453336049186,0.4762355923859465,0.17033603955587356,
0.55,4.0,oracle_aqf,1.0801198675179737,0.04435463091783354,0.10059253002949609,0.08095471726909372,
0.55,4.5,estimated_aqf,1.0791905412993923,0.036981586530462726,0.10558112152499924,0.08006162672676842,1.0
0.55,4.5,fixed_q_0.1,1.3366367757649174,0.04300845604649695,0.7639676147699552,0.10468255771576421,
0.55,4.5,fixed_q_0.2,1.130173788245036,0.04389850306916239,0.20192027319221656,0.09807586639589419,
0.55,4.5,fixed_q_0.3,0.9621468808976159,0.0458094932814035,0.3735047308874682,0.15816312661708978,
0.55,4.5,oracle_aqf,1.0880240329460154,0.0414745195895432,0.11240226189688576,0.09036670381770347,
0.55,5.0,estimated_aqf,1.0659094732148926,0.03055525511062967,0.07597572992741437,0.07844553769676722,1.0
0.55,5.0,fixed_q_0.1,1.3064960003173691,0.03758441400864255,0.7710472822590548,0.09753020575751416,
0.55,5.0,fixed_q_0.2,1.1060858028451441,0.033252665837357184,0.144224641521999,0.0866174638511078,
0.55,5.0,fixed_q_0.3,0.956407525055951,0.03537961945321729,0.4178856062028398,0.130183262672905,
0.55,5.0,oracle_aqf,1.0693577204596239,0.03449025887378753,0.09035811978544758,0.07570081496472121,
0.65,0.5,estimated_aqf,2.6075721735951642,0.2689086200639979,0.35831237533533,0.09569847138501303,0.5413474690613744
0.65,0.5,fixed_q_0.1,4.11207894919536,0.31136835976435234,0.9461345153775866,0.10249107664591915,
0.65,0.5,fixed_q_0.2,2.932636756306005,0.22774277363872908,0.49472687920001235,0.09567223357256642,
0.65,0.5,fixed_q_0.3,2.1958437566563385,0.13847954269999274,0.17454617359620705,0.0748174128957562,
0.65,0.5,oracle_aqf,1.7856190458295333,0.10743669702887762,0.06634715429831059,0.048234544155942326,
0.65,1.0,estimated_aqf,1.448086584982208,0.1277486805645529,0.15744182327512712,0.07936110578737059,0.5928844915909599
0.65,1.0,fixed_q_0.1,2.2230113904153006,0.14204234670362045,0.7581993421056542,0.0891900329159944,
0.65,1.0,fixed_q_0.2,1.6329715975222054,0.10962346139690657,0.30671692063220063,0.06604115459853692,
0.65,1.0,fixed_q_0.3,1.2271495615901764,0.07416049506031362,0.0592442021675863,0.047525007872450994,
0.65,1.0,oracle_aqf,1.3118472561535808,0.08573305204955438,0.05866054918079664,0.036888858240098875,
0.65,1.5,estimated_aqf,1.1578692400271486,0.11015866055304743,0.10017262784275242,0.07961007258795202,0.6663990038018681
0.65,1.5,fixed_q_0.1,1.7107541953639906,0.0984844015747743,0.6308548140301644,0.10058559829774488,
0.65,1.5,fixed_q_0.2,1.2215687204609644,0.09777990782834581,0.09505950146751978,0.07946045252035783,
0.65,1.5,fixed_q_0.3,0.9024304613254417,0.08967780015764983,0.353611087494721,0.11423920679746122,
0.65,1.5,oracle_aqf,1.1615155367901049,0.0965239847052404,0.08341832273923408,0.061164867630279236,
0.65,2.0,estimated_aqf,1.07018379637173,0.10388604016388918,0.15632983904290318,0.0906534049894258,0.7793402184295848
0.65,2.0,fixed_q_0.1,1.516982148482423,0.08854273661802868,0.5896669252905673,0.12538299015669588,
0.65,2.0,fixed_q_0.2,1.1018444133773753,0.05575692014036297,0.07439335825397135,0.04294486096906655,
0.65,2.0,fixed_q_0.3,0.800035843061969,0.03852759159454754,0.5514350246060201,0.07482670198776448,
0.65,2.0,oracle_aqf,1.1366130823431368,0.057822127902166724,0.06457267055348241,0.052023931030105455,
0.65,2.5,estimated_aqf,1.046216753914687,0.05819456214440309,0.10689454969939902,0.07629287969788633,0.903936492964951
0.65,2.5,fixed_q_0.1,1.399819476459531,0.07125529974278884,0.5871332732809711,0.11174745463585922,
0.65,2.5,fixed_q_0.2,1.0307289002637443,0.060789544730297365,0.14007003633595697,0.08457524228166675,
0.65,2.5,fixed_q_0.3,0.7395495597542971,0.05990435911415947,0.7359659539148621,0.1367725702352341,
0.65,2.5,oracle_aqf,1.1014799161752173,0.05535176608474168,0.08961678513452886,0.06622343293280424,
0.65,3.0,estimated_aqf,1.0784459026436286,0.05195571736386843,0.09409938128038275,0.07582629842559095,0.9984342605280887
0.65,3.0,fixed_q_0.1,1.330653027183098,0.062300821289794375,0.5901943106423181,0.1040350372490087,
0.65,3.0,fixed_q_0.2,1.006707395151868,0.06184193487633189,0.16993976894517243,0.10208921622874348,
0.65,3.0,fixed_q_0.3,0.7226631715823265,0.06446456058512358,0.8881775821474307,0.16672786379758459,
0.65,3.0,oracle_aqf,1.0850197895193192,0.055119599184373556,0.08545507729665998,0.07280920249893047,
0.65,3.5,estimated_aqf,1.0605928051224054,0.05801264663748765,0.10935989931028,0.08718196103789916,1.0
0.65,3.5,fixed_q_0.1,1.2710299585146019,0.0662174430483838,0.5465209975627657,0.15085373006900807,
0.65,3.5,fixed_q_0.2,0.9958892760821104,0.07485802483086845,0.211240009191814,0.17247668843803515,
0.65,3.5,fixed_q_0.3,0.7143640564387063,0.0704830026681533,1.0569266841184004,0.211458585956491,
0.65,3.5,oracle_aqf,1.0563350138813807,0.07049355366558947,0.14852355530010977,0.0884537591048534,
0.65,4.0,estimated_aqf,1.0641935641604385,0.03718021119851792,0.09321335027599638,0.07532279349324313,1.0
0.65,4.0,fixed_q_0.1,1.251561659507787,0.040572321340310136,0.5824090239434219,0.10064675419738504,
0.65,4.0,fixed_q_0.2,1.0152835207421733,0.04136301702446877,0.15817098782996553,0.09131979111169661,
0.65,4.0,fixed_q_0.3,0.757933795800678,0.07198670163041683,1.0172083613682281,0.26746876397069597,
0.65,4.0,oracle_aqf,1.074159232585277,0.037241809935460626,0.09112595186576336,0.07291757236419191,
0.65,4.5,estimated_aqf,1.0526665118968765,0.033369645561782076,0.09299885780061432,0.07468604256216158,1.0
0.65,4.5,fixed_q_0.1,1.2207003676261277,0.028664249354381593,0.5697040187674072,0.07855047876916349,
0.65,4.5,fixed_q_0.2,1.0017988087775254,0.05030397457499598,0.1989888739827526,0.1514127880642465,
0.65,4.5,fixed_q_0.3,0.7593607165709877,0.07600632597658614,1.135629072775247,0.31467496351135826,
0.65,4.5,oracle_aqf,1.051581365575289,0.046252110448446036,0.13293056328239877,0.07003931030942133,
0.65,5.0,estimated_aqf,1.045445307789247,0.04132962561729769,0.12015587833088306,0.09200500482361358,1.0
0.65,5.0,fixed_q_0.1,1.2021615186493275,0.042694067234139925,0.5784103343011069,0.158462582243829,
0.65,5.0,fixed_q_0.2,1.0051545902145218,0.03861353871499429,0.17224737970196013,0.1358899399904611,
0.65,5.0,fixed_q_0.3,0.786018166950139,0.06957481242342768,1.129042506190073,0.3319863269291625,
0.65,5.0,oracle_aqf,1.0513581520664956,0.040907039842465534,0.11705589393885747,0.09465725715727039,
0.75,0.5,estimated_aqf,2.3304772849105424,0.19051456729267782,0.33153027620912434,0.09465472281295938,0.5726379980202385
0.75,0.5,fixed_q_0.1,3.6670501281156915,0.22748053498793216,0.9284838884344941,0.09646044079613193,
0.75,0.5,fixed_q_0.2,2.6190498577758787,0.1525448278289382,0.4697429191252632,0.07949367438631878,
0.75,0.5,fixed_q_0.3,1.971003708954368,0.14627831527646493,0.15223395258590217,0.08685401367945406,
0.75,0.5,oracle_aqf,1.6672987521938645,0.13412932386337414,0.06912689222666195,0.06419318568258647,
0.75,1.0,estimated_aqf,1.1978870162617283,0.090141587135621,0.0599304918554048,0.04684152987266353,0.5633714036801497
0.75,1.0,fixed_q_0.1,1.8934537942171539,0.10189794671719683,0.6139011609459532,0.10023996430266716,
0.75,1.0,fixed_q_0.2,1.368678881196661,0.07194094021092905,0.15329212923220678,0.06486562872809805,
0.75,1.0,fixed_q_0.3,1.0161624793393491,0.05960912257077976,0.19710363746425186,0.07299554875814715,
0.75,1.0,oracle_aqf,1.1920735302767451,0.07022939849546689,0.0550219109441283,0.04867712247998491,
0.75,1.5,estimated_aqf,0.97388082718878,0.10908898749846797,0.2003177797556323,0.1063120338939536,0.619136404015515
0.75,1.5,fixed_q_0.1,1.4298680164079243,0.0812890419506087,0.4296713045090506,0.0867249783651398,
0.75,1.5,fixed_q_0.2,1.0086333047698264,0.04523750690816572,0.1307073173376482,0.06335368418808589,
0.75,1.5,fixed_q_0.3,0.7316646273760479,0.037070033510249,0.5486346607380282,0.06716477789073073,
0.75,1.5,oracle_aqf,1.083747616495225,0.04971804197618018,0.05253433161528598,0.04414373362751184,
0.75,2.0,estimated_aqf,0.9108040176856198,0.11789737577833263,0.3184210658831118,0.15821204673546985,0.7248034562197565
0.75,2.0,fixed_q_0.1,1.2597140271518463,0.09814010275736748,0.30461243522976356,0.1442887142656445,
0.75,2.0,fixed_q_0.2,0.8630137711858252,0.08034145627809654,0.3871738395088853,0.13505350318774967,
0.75,2.0,fixed_q_0.3,0.6162761282459323,0.053583001744765935,0.8747462032086808,0.10487366434662786,
0.75,2.0,oracle_aqf,1.0734520576852289,0.09630500533552398,0.11617084046545659,0.09542462982174012,
0.75,2.5,estimated_aqf,0.9463207794550286,0.11881293317940432,0.272982291510674,0.17386122505350315,0.8754704231008514
0.75,2.5,fixed_q_0.1,1.1714141370504798,0.07966354900495629,0.26185701606719436,0.14560237690299255,
0.75,2.5,fixed_q_0.2,0.7909914334211142,0.05638041645652291,0.5767130638205117,0.12863172519438618,
0.75,2.5,fixed_q_0.3,0.5293490130829742,0.0456135794557237,1.2298869569026434,0.13379707187400872,
0.75,2.5,oracle_aqf,1.0496269408214538,0.07956183007387996,0.12055813100333017,0.09171832336704566,
0.75,3.0,estimated_aqf,1.028525207290741,0.06607783000836107,0.13086833346651847,0.10306818772829246,0.995995478385941
0.75,3.0,fixed_q_0.1,1.1546769992915948,0.08880232523151371,0.292830430525556,0.15329696793955724,
0.75,3.0,fixed_q_0.2,0.7824161931442506,0.08944904607182569,0.7261535506520613,0.24164591928796883,
0.75,3.0,fixed_q_0.3,0.4845471368769279,0.06762207002453259,1.613750881374449,0.21353561603856464,
0.75,3.0,oracle_aqf,1.0538329273059333,0.08066830758879232,0.15087298523009665,0.11695637376279877,
0.75,3.5,estimated_aqf,1.0207699919346647,0.053908730040333745,0.13313680142505077,0.10122048065452888,1.0
0.75,3.5,fixed_q_0.1,1.1107736807583504,0.06154462771897823,0.22428304364254775,0.14076840668760335,
0.75,3.5,fixed_q_0.2,0.7684117370548047,0.08142484298184201,0.860418303465981,0.2760982928215229,
0.75,3.5,fixed_q_0.3,0.4311554051411271,0.06277558190951858,2.0400689111676273,0.23552563146463168,
0.75,3.5,oracle_aqf,1.0248538835934835,0.060147286945325625,0.14161856198770958,0.1093254564807722,
0.75,4.0,estimated_aqf,1.0272313047059982,0.03991776145839385,0.08637783538475671,0.07247084782891322,1.0
0.75,4.0,fixed_q_0.1,1.0954176890057203,0.05431980056444225,0.22526141080991574,0.15838938470569894,
0.75,4.0,fixed_q_0.2,0.7831076951272528,0.083108149009194,0.8899241137434311,0.3036651704830141,
0.75,4.0,fixed_q_0.3,0.3846327140664162,0.06099427427685734,2.4791244098417637,0.24852649948451497,
0.75,4.0,oracle_aqf,1.024881228263526,0.05407378814138603,0.1332855477828004,0.08103751592351638,
0.75,4.5,estimated_aqf,1.020230889693956,0.032338408584374874,0.09051010288486969,0.07065910715361458,1.0
0.75,4.5,fixed_q_0.1,1.0874818456617161,0.05178615165928283,0.24166973920947515,0.13585151515858548,
0.75,4.5,fixed_q_0.2,0.8045989282822159,0.10360976310024965,0.9103111039394293,0.40592084479471985,
0.75,4.5,fixed_q_0.3,0.34126980093139697,0.04560823320927932,2.984367157485221,0.18231392828173978,
0.75,4.5,oracle_aqf,1.0193507197260814,0.05602706705623109,0.13454260453447944,0.12849670371120264,
0.75,5.0,estimated_aqf,1.0239442708379403,0.027671167679797333,0.07680179181850635,0.06518780314727932,1.0
0.75,5.0,fixed_q_0.1,1.0835474933154885,0.06501628176207566,0.26924424133692887,0.21359170991945675,
0.75,5.0,fixed_q_0.2,0.7923279287252251,0.14661098582413487,1.0798938093808288,0.6993772398830255,
0.75,5.0,fixed_q_0.3,0.32109345238159626,0.11040383460995312,3.436250272992909,0.5539961716868667,
0.75,5.0,oracle_aqf,1.0152709002128648,0.06738749648058215,0.21234757252239786,0.1717260024645032,
0.85,0.5,estimated_aqf,2.020368334785995,0.15576582031089034,0.28399984115985033,0.09684724592634476,0.5372670734659637
0.85,0.5,fixed_q_0.1,3.165287080486462,0.17001070609732322,0.8653121595245787,0.09415459376069904,
0.85,0.5,fixed_q_0.2,2.235518532527748,0.09666578464011014,0.401288345292128,0.06154205099437738,
0.85,0.5,fixed_q_0.3,1.6509148727533887,0.0588003344952773,0.07628580735431098,0.05154532745298617,
0.85,0.5,oracle_aqf,1.4857941184666388,0.06143403321748119,0.043833957993156945,0.037214240417478305,
0.85,1.0,estimated_aqf,1.0621144856707398,0.06863048259175192,0.13214261159254823,0.08482905596744152,0.5675251210178166
0.85,1.0,fixed_q_0.1,1.6532714697235043,0.1102573556914152,0.4810718839870848,0.11138578063594182,
0.85,1.0,fixed_q_0.2,1.186590989364785,0.07936914413013293,0.07810903888967884,0.060432710025981,
0.85,1.0,fixed_q_0.3,0.8815328766783098,0.05863599540739796,0.3345453832561803,0.09831084006035479,
0.85,1.0,oracle_aqf,1.1577440359119762,0.07870746747615737,0.07280637779072982,0.06113477911624131,
0.85,1.5,estimated_aqf,0.8154233338966488,0.10539711711204754,0.4012238172543542,0.1663571590511085,0.5839446813662604
0.85,1.5,fixed_q_0.1,1.1931489080239142,0.0894054280290407,0.1775913945852583,0.12581945416864063,
0.85,1.5,fixed_q_0.2,0.8372061618711708,0.043894703982897146,0.36309106549776093,0.081287835997951,
0.85,1.5,fixed_q_0.3,0.6172949023266432,0.03682294162404286,0.7379254208128121,0.07580284563110014,
0.85,1.5,oracle_aqf,1.0534887136962336,0.07402348370264687,0.09198232380451055,0.07167036577290123,
0.85,2.0,estimated_aqf,0.7454182364000694,0.1037948150896409,0.5741136850383708,0.2030301995607339,0.6622590658244084
0.85,2.0,fixed_q_0.1,1.005918231077524,0.0680898559209396,0.1234840950196654,0.09455526321591312,
0.85,2.0,fixed_q_0.2,0.6632405152128118,0.03246048891505331,0.743516983596233,0.10432324845611816,
0.85,2.0,fixed_q_0.3,0.47731268524290565,0.02724019258099751,1.1641813423644052,0.1018294765150115,
0.85,2.0,oracle_aqf,1.0394476439009273,0.06934141193554226,0.12117681940760941,0.07887044465939347,
0.85,2.5,estimated_aqf,0.8511573784434017,0.17303550563025527,0.47829787269983237,0.3495776571901884,0.8492083357312465
0.85,2.5,fixed_q_0.1,0.925185629396276,0.06780297014129254,0.2612564670309771,0.13595124582692245,
0.85,2.5,fixed_q_0.2,0.5763518057827868,0.040046835426240615,1.1149372302760423,0.12397756149108707,
0.85,2.5,fixed_q_0.3,0.3969574112726094,0.020077215279647738,1.6222631795089613,0.09183920272034495,
0.85,2.5,oracle_aqf,1.023981460821822,0.0772382760372284,0.12683893632588877,0.11258722761146898,
0.85,3.0,estimated_aqf,1.0061263118925319,0.07459091539580831,0.16626561487385141,0.12948151389005857,0.9935318346331796
0.85,3.0,fixed_q_0.1,0.8745124173866128,0.08276214483286545,0.4288190221047371,0.22881488221586418,
0.85,3.0,fixed_q_0.2,0.5022688669819051,0.04789163990160795,1.534452794839447,0.16793796599864164,
0.85,3.0,fixed_q_0.3,0.3415273951524699,0.02014168996908126,2.0779369920475768,0.09055545936579225,
0.85,3.0,oracle_aqf,1.020937774333195,0.0670039600052586,0.14664983009944602,0.10227103478612677,
0.85,3.5,estimated_aqf,1.0149672089215123,0.0683252715697891,0.1785583926970838,0.11918755797974989,1.0
0.85,3.5,fixed_q_0.1,0.8799263397741838,0.06446634961506796,0.49228276085590716,0.2067378655355218,
0.85,3.5,fixed_q_0.2,0.4330387936155877,0.05195659399684997,2.054437734650802,0.19114384816670196,
0.85,3.5,fixed_q_0.3,0.28716844697294913,0.02180449139083702,2.6301642663838987,0.0883247699252431,
0.85,3.5,oracle_aqf,1.0129719249706146,0.05219829325353125,0.13501684928487662,0.0936874005389072,
0.85,4.0,estimated_aqf,1.0168315889931034,0.052237323512767414,0.16114659835514217,0.11308422754555165,1.0
0.85,4.0,fixed_q_0.1,0.8826926686069829,0.07101498979370989,0.5389701118509208,0.2861102809297549,
0.85,4.0,fixed_q_0.2,0.3990942081841577,0.062303465492574324,2.467188861957621,0.2820091541269574,
0.85,4.0,fixed_q_0.3,0.258384258508604,0.02039839182659987,3.097307219010432,0.12632363181242964,
0.85,4.0,oracle_aqf,1.0127205369677488,0.06483953766763884,0.19894795684801475,0.15817802883487994,
0.85,4.5,estimated_aqf,1.0017868307413507,0.039645525198395606,0.14958440070411028,0.09769683211609227,1.0
0.85,4.5,fixed_q_0.1,0.8985552466066279,0.09088446517497412,0.5044935480727469,0.40074579093834,
0.85,4.5,fixed_q_0.2,0.36010043558565347,0.04394306775650263,2.9169973704396943,0.23756137249247433,
0.85,4.5,fixed_q_0.3,0.22611371297746566,0.01794030978759362,3.591660030658974,0.12077904993170127,
0.85,4.5,oracle_aqf,1.0002334332032023,0.047749584894978984,0.18147261116429467,0.11979901862023319,
0.85,5.0,estimated_aqf,0.9995275442370971,0.039816395938027785,0.14551859936344877,0.1294185653302734,1.0
0.85,5.0,fixed_q_0.1,0.9217120353686539,0.06427001111266423,0.446467414431578,0.2961271666170627,
0.85,5.0,fixed_q_0.2,0.3196536582642309,0.02416334233081989,3.440248609406435,0.1274667647823378,
0.85,5.0,fixed_q_0.3,0.2036750857322176,0.01013197250010358,4.088031671962573,0.08285381197266552,
0.85,5.0,oracle_aqf,1.006711212768631,0.05409638422717955,0.17737440455430525,0.15802161300595677,
0.95,0.5,estimated_aqf,1.7972886196167266,0.10723489869238516,0.2439700036615668,0.06439237140685543,0.5784451110195985
0.95,0.5,fixed_q_0.1,2.8039377031628314,0.13782933807940229,0.8173289721689236,0.07950371982680837,
0.95,0.5,fixed_q_0.2,2.0324119070704536,0.10784186839690295,0.38796674813164345,0.05266166373223577,
0.95,0.5,fixed_q_0.3,1.5472847303707824,0.08718956377995982,0.08379504790934122,0.05032938262644097,
0.95,0.5,oracle_aqf,1.4776805825303396,0.08043758569766478,0.05094542952040868,0.03861975890123966,
0.95,1.0,estimated_aqf,0.9218494597892848,0.08030710685514401,0.2287824416444761,0.0973367087526937,0.6059866230808708
0.95,1.0,fixed_q_0.1,1.4392136276324972,0.0897836698953082,0.3594853482075919,0.10361763182106921,
0.95,1.0,fixed_q_0.2,1.0348632147561634,0.07238500305698121,0.10781033747586628,0.07933791066690514,
0.95,1.0,fixed_q_0.3,0.7758222472163403,0.04321606475167252,0.417734682475501,0.08305574557429846,
0.95,1.0,oracle_aqf,1.1093950202710285,0.06853697657557586,0.0797516462469475,0.05271532060766212,
0.95,1.5,estimated_aqf,0.62285923767283,0.056408804575747366,0.6825570217241141,0.09392024922732946,0.5501504461633075
0.95,1.5,fixed_q_0.1,0.9754171545683932,0.061363269127380216,0.09420342068237728,0.07133063777723427,
0.95,1.5,fixed_q_0.2,0.6874154840022175,0.04177067723475596,0.5639775180248509,0.06696586307193098,
0.95,1.5,fixed_q_0.3,0.5155265072895024,0.033031382331837604,0.8903723054137048,0.061003846920861866,
0.95,1.5,oracle_aqf,1.0286808979999225,0.07268567360817949,0.08038158869969463,0.05603211483976329,
0.95,2.0,estimated_aqf,0.5190975666137267,0.06498807892861422,1.0941152674787173,0.17561598951030233,0.5484136675663007
0.95,2.0,fixed_q_0.1,0.7764133857937512,0.05991036799344322,0.5137826091228322,0.14176823111612352,
0.95,2.0,fixed_q_0.2,0.5407033577898496,0.03202633986719053,1.0395388356690423,0.10070555938247878,
0.95,2.0,fixed_q_0.3,0.40147517275694267,0.02896395564103472,1.3917056142133728,0.08626051283920053,
0.95,2.0,oracle_aqf,1.0145267933564026,0.08629169482160394,0.15091976149849237,0.07605020626179636,
0.95,2.5,estimated_aqf,0.4337226494448954,0.10566724267378003,1.50776779369015,0.2756294633650441,0.5133844354356518
0.95,2.5,fixed_q_0.1,0.6077306793748264,0.05064914903440451,1.0164144712074843,0.1327094378012548,
0.95,2.5,fixed_q_0.2,0.4235405187641074,0.03224087652683747,1.5295861542497247,0.09935647390895896,
0.95,2.5,fixed_q_0.3,0.30963565636755364,0.02224199153475498,1.8899262216381083,0.09365105394126122,
0.95,2.5,oracle_aqf,0.9575899596069318,0.10599703917847199,0.2410027804234872,0.12165531608703735,
0.95,3.0,estimated_aqf,0.5973259631115179,0.3065709288462603,1.3225290804739274,0.8650076300578142,0.6830222418627061
0.95,3.0,fixed_q_0.1,0.5167026836078001,0.04952100284688029,1.4831305930812881,0.16972118168796574,
0.95,3.0,fixed_q_0.2,0.35049472575672397,0.026508132362463615,2.035672410045649,0.10563098250766723,
0.95,3.0,fixed_q_0.3,0.25710595915155965,0.01440082569030467,2.3891902735257275,0.0782019137141191,
0.95,3.0,oracle_aqf,0.9906041339175434,0.1059445102408382,0.2520565020632223,0.1814406119353419,
0.95,3.5,estimated_aqf,0.8135751154611611,0.28301788324542215,0.7927887204914021,0.9386356611856143,0.8828409207986097
0.95,3.5,fixed_q_0.1,0.4653965248942088,0.027958333343196803,1.8862492698114592,0.11220378306562143,
0.95,3.5,fixed_q_0.2,0.31356157498437204,0.012808221220511595,2.475482833604951,0.0735800639024204,
0.95,3.5,fixed_q_0.3,0.22516074499399719,0.009509980247243331,2.8664260829945656,0.062373941508356005,
0.95,3.5,oracle_aqf,0.9753855626190008,0.12775156739964538,0.3169115649255473,0.3256008328741587,
0.95,4.0,estimated_aqf,0.9554913206781948,0.07237732504353318,0.27510458391594916,0.19430554022378196,1.0
0.95,4.0,fixed_q_0.1,0.42254460485263834,0.031062031254831843,2.3085408670418923,0.1312677538803287,
0.95,4.0,fixed_q_0.2,0.2704995538745897,0.01924560620153926,2.9796374172394184,0.09487203256719615,
0.95,4.0,fixed_q_0.3,0.1976538455082954,0.01309827488036838,3.345696359441304,0.08749724549226762,
0.95,4.0,oracle_aqf,1.003523142292146,0.09091520186343921,0.30021119722016226,0.1809501916221445,
0.95,4.5,estimated_aqf,0.9966517544910685,0.04934319903376979,0.17778000147345016,0.13850748622113213,1.0
0.95,4.5,fixed_q_0.1,0.35723838399177044,0.0294452129587502,2.921410832902251,0.14064888718527868,
0.95,4.5,fixed_q_0.2,0.24030739696724526,0.017059466480313583,3.508924477881996,0.09659478132493264,
0.95,4.5,fixed_q_0.3,0.17381306468577992,0.010123780458122626,3.887803339691552,0.07821901568145614,
0.95,4.5,oracle_aqf,0.9342927447060732,0.13202359471509303,0.44805038863878793,0.49764394575746673,
0.95,5.0,estimated_aqf,0.9785297255931447,0.056765987179438225,0.22241234717571282,0.19179473692722465,1.0
0.95,5.0,fixed_q_0.1,0.32514535683152435,0.028302811043700513,3.388331467964292,0.13211335759806625,
0.95,5.0,fixed_q_0.2,0.2156633352924359,0.013520420270513544,3.997086827630922,0.060484558748126985,
0.95,5.0,fixed_q_0.3,0.1591208241299284,0.007977548620568774,4.355270868653098,0.055803125320744225,
0.95,5.0,oracle_aqf,0.9519872119863722,0.11958969750914476,0.4274636372477495,0.4528860520832725,
